Version,Version Code,Release Date,Notes,Link
version-225e87fdb7254f64,682,15/07/2025,,https://drive.google.com/file/d/1mYL1T_6gOgcut7yif5xjSe1TEIS4z1a_
version-08c47cce3da24e11,681,16/07/2025,Engine version got downgraded.,https://drive.google.com/file/d/1Uh-8VyGn94t0eQEV5ybk3jsTZtyNgSjZ

version-65664807ac1d4e85,688,29/08/2025,Fix with 3 changes for version-7b14ca0aa83149fa.,https://drive.google.com/file/d/1SNZ1a-jPKrlcAkmLpMH47eYOuJvfd1sT
version-bc498656938f4aac,689,02/09/2025,,https://drive.google.com/file/d/1NCCfbWoAwOVy5MxcFsYndhYa8YqeTTNp
version-c1ac69007bdc4e48,689,03/09/2025,Fix with 3 changes for version-bc498656938f4aac.,https://drive.google.com/file/d/1BFC6JstYIsn15wIQ4oWlb9gfPuVJhGQi
version-8afc5a7d5e894d22,690,09/09/2025,,https://drive.google.com/file/d/1AjdtRHkaYOy8WTn6fi7v0XfTpzNSjAMt
version-b69bc1fe5ff44bd5,691,16/09/2025,,https://drive.google.com/file/d/1cf9bpKoh5qSPCL9XmLdjzFFjWAJAV2KS
version-31fc142272764f02,691,17/09/2025,,https://drive.google.com/file/d/1s1JuS3TH6Y3PXGjku9guDog0OA4tuZ1b
version-f6cd26d0e71b47c9,692,23/09/2025,,https://drive.google.com/file/d/1FzJLM_IeBlRTU6-2tZH8Zavx7lw_fSON
version-d9e8be4690684ba0,693,30/09/2025,,https://drive.google.com/file/d/18p1C8PksbX-vKnftwyde7U8jvpWpYwFi
version-494828652c274712,693,01/10/2025,Fix with 1 change for version-d9e8be4690684ba0.,https://drive.google.com/file/d/1EzST0ue9yh3Tx3-ppOEWjSOTT-elWRl_
version-d34359a5577645e2,694,07/10/2025,,https://drive.google.com/file/d/1tcUH5Kny-2C3tbggJjXRBF-8ZcOh1vhI
version-1dc3d2a9737849a2,695,14/10/2025,,https://drive.google.com/file/d/1bnrYCnUsjx3QrSYlDqFZmjZtrOEa9PkY
version-7a4a5d7d1fb3449f,695,14/10/2025,Emergency fix with 1 change for version-1dc3d2a9737849a2.,https://drive.google.com/file/d/1mU4JS1G6KPTV6jHYMt1uC7s4wOmH8jBo
version-267c8a63b3e74c7f,695,15/10/2025,Fix with 2 changes for version-7a4a5d7d1fb3449f.,https://drive.google.com/file/d/1bNFn_blFECi_cnUnYNmHo_XQoPoD3Im_
version-4aeb17bd13994560,696,21/10/2025,,https://drive.google.com/file/d/1s0O87phT1iWZ7ypAnxEfUTpleYGgtu4g
version-889d2588b25a43d1,697,28/10/2025,,https://drive.google.com/file/d/1RJRBkSYtLWdKQeWmrxK3L2XEKu0v0Xfq
version-f6dd34ecac7b4642,698,04/11/2025,,https://drive.google.com/file/d/1vgLTQpQUk1HLvv2r0h_1NYHJf1CUf9tR
version-b7e223555d904550,699,11/11/2025,,https://drive.google.com/file/d/1hhXaDHLNDsHclmwmvMcnJxaF61-risfb
version-8e6e698468a04d3f,699,14/11/2025,,Fix with 3 changes for version-b7e223555d904550.,https://drive.google.com/file/d/1-VoBgXCo2bxfNSKZ-FO8HYmNFXBwU3eF
version-fdda949d95e447e3,700,18/11/2025,,https://drive.google.com/file/d/1ATgv8V9UwzZ_tmkctJd7uwnmiaANkRxq
version-e380c8edc8f6477c,700,21/11/2025,,Fix with 5 changes for version-fdda949d95e447e3.,https://drive.google.com/file/d/1F-M4pmVLICbrOfs91PjXwXeTPhsPOc1e
version-1849ecbff0824113,701,02/12/2025,,https://drive.google.com/file/d/1vdc6uDvtYg6OZoHgZOSvqiS7Y2mzbDXH
